scenario,description,target_price,sigma,limit_price,limit_token_price,redeem_token_price,pair_value,previous_price_direction,executed,execution_failed,execution_value,failure_reason,redeemed,redemption_value,simulation,subset,run,substep,timestep
downside_execution,Market starts above a lower limit and drifts down until the Limit Token executes.,12.0,0.75,10.0,0.0,10.0,10.0,above,False,False,0.0,,False,0.0,0,0,1,0,0
downside_execution,Market starts above a lower limit and drifts down until the Limit Token executes.,11.58,0.75,10.0,3.0574617949871175,6.942538205012882,10.0,above,False,False,0.0,,False,0.0,0,0,1,2,1
downside_execution,Market starts above a lower limit and drifts down until the Limit Token executes.,11.1747,0.75,10.0,4.143579770133293,5.856420229866707,10.0,above,False,False,0.0,,False,0.0,0,0,1,2,2
downside_execution,Market starts above a lower limit and drifts down until the Limit Token executes.,10.7835855,0.75,10.0,5.556097470329392,4.443902529670608,10.0,above,False,False,0.0,,False,0.0,0,0,1,2,3
downside_execution,Market starts above a lower limit and drifts down until the Limit Token executes.,10.406160007499999,0.75,10.0,7.374035303530519,2.625964696469481,10.0,above,False,False,0.0,,False,0.0,0,0,1,2,4
downside_execution,Market starts above a lower limit and drifts down until the Limit Token executes.,10.041944407237498,0.75,10.0,9.69031358959098,0.3096864104090198,10.0,above,False,False,0.0,,False,0.0,0,0,1,2,5
downside_execution,Market starts above a lower limit and drifts down until the Limit Token executes.,9.690476352984184,0.75,10.0,7.928329500112334,2.0716704998876656,10.0,below,True,False,10.0,,False,0.0,0,0,1,2,6
downside_execution,Market starts above a lower limit and drifts down until the Limit Token executes.,9.351309680629738,0.75,10.0,6.147634375725268,3.852365624274732,10.0,below,True,False,10.0,,False,0.0,0,0,1,2,7
downside_execution,Market starts above a lower limit and drifts down until the Limit Token executes.,9.024013841807697,0.75,10.0,4.809511281846326,5.190488718153674,10.0,below,True,False,10.0,,False,0.0,0,0,1,2,8
downside_execution,Market starts above a lower limit and drifts down until the Limit Token executes.,8.708173357344428,0.75,10.0,3.7951165088757772,6.204883491124223,10.0,below,True,False,10.0,,False,0.0,0,0,1,2,9
downside_execution,Market starts above a lower limit and drifts down until the Limit Token executes.,8.403387289837372,0.75,10.0,3.019603587554897,6.980396412445103,10.0,below,True,False,10.0,,False,0.0,0,0,1,2,10
downside_execution,Market starts above a lower limit and drifts down until the Limit Token executes.,8.109268734693064,0.75,10.0,2.4218619472291065,7.5781380527708935,10.0,below,True,False,10.0,,False,0.0,0,0,1,2,11
downside_execution,Market starts above a lower limit and drifts down until the Limit Token executes.,7.825444328978806,0.75,10.0,1.9575003735797676,8.042499626420232,10.0,below,True,False,10.0,,False,0.0,0,0,1,2,12
downside_execution,Market starts above a lower limit and drifts down until the Limit Token executes.,7.551553777464547,0.75,10.0,1.594006130096533,8.405993869903467,10.0,below,True,False,10.0,,False,0.0,0,0,1,2,13
downside_execution,Market starts above a lower limit and drifts down until the Limit Token executes.,7.287249395253288,0.75,10.0,1.3073760842610764,8.692623915738924,10.0,below,True,False,10.0,,False,0.0,0,0,1,2,14
downside_execution,Market starts above a lower limit and drifts down until the Limit Token executes.,7.0321956664194225,0.75,10.0,1.0797524941713275,8.920247505828673,10.0,below,True,False,10.0,,False,0.0,0,0,1,2,15
downside_execution,Market starts above a lower limit and drifts down until the Limit Token executes.,6.786068818094742,0.75,10.0,0.8977503164040059,9.102249683595995,10.0,below,True,False,10.0,,False,0.0,0,0,1,2,16
downside_execution,Market starts above a lower limit and drifts down until the Limit Token executes.,6.548556409461426,0.75,10.0,0.7512644190470283,9.248735580952971,10.0,below,True,False,10.0,,False,0.0,0,0,1,2,17
downside_execution,Market starts above a lower limit and drifts down until the Limit Token executes.,6.319356935130276,0.75,10.0,0.6326125018508845,9.367387498149116,10.0,below,True,False,10.0,,False,0.0,0,0,1,2,18
downside_execution,Market starts above a lower limit and drifts down until the Limit Token executes.,6.098179442400716,0.75,10.0,0.5359146716829973,9.464085328317003,10.0,below,True,False,10.0,,False,0.0,0,0,1,2,19
downside_execution,Market starts above a lower limit and drifts down until the Limit Token executes.,5.884743161916691,0.75,10.0,0.4566411001042698,9.54335889989573,10.0,below,True,False,10.0,,False,0.0,0,0,1,2,20
downside_execution,Market starts above a lower limit and drifts down until the Limit Token executes.,5.678777151249607,0.75,10.0,0.3912799292496513,9.60872007075035,10.0,below,True,False,10.0,,False,0.0,0,0,1,2,21
downside_execution,Market starts above a lower limit and drifts down until the Limit Token executes.,5.48001995095587,0.75,10.0,0.3370918129359001,9.6629081870641,10.0,below,True,False,10.0,,False,0.0,0,0,1,2,22
downside_execution,Market starts above a lower limit and drifts down until the Limit Token executes.,5.288219252672414,0.75,10.0,0.29192730374069087,9.70807269625931,10.0,below,True,False,10.0,,False,0.0,0,0,1,2,23
downside_execution,Market starts above a lower limit and drifts down until the Limit Token executes.,5.103131578828879,0.75,10.0,0.2540901324141963,9.745909867585803,10.0,below,True,False,10.0,,False,0.0,0,0,1,2,24
upside_execution,Market starts below a higher limit and rallies into execution.,12.0,0.75,15.0,0.0,10.0,10.0,below,False,False,0.0,,False,0.0,0,0,1,0,0
upside_execution,Market starts below a higher limit and rallies into execution.,12.419999999999998,0.75,15.0,2.1663640323531266,12.833635967646874,15.0,below,False,False,0.0,,False,0.0,0,0,1,2,1
upside_execution,Market starts below a higher limit and rallies into execution.,12.854699999999998,0.75,15.0,3.001389058783782,11.998610941216217,15.0,below,False,False,0.0,,False,0.0,0,0,1,2,2
upside_execution,Market starts below a higher limit and rallies into execution.,13.304614499999996,0.75,15.0,4.205995789046174,10.794004210953826,15.0,below,False,False,0.0,,False,0.0,0,0,1,2,3
upside_execution,Market starts below a higher limit and rallies into execution.,13.770276007499994,0.75,15.0,5.9640942905399505,9.03590570946005,15.0,below,False,False,0.0,,False,0.0,0,0,1,2,4
upside_execution,Market starts below a higher limit and rallies into execution.,14.252235667762493,0.75,15.0,8.561085149531158,6.4389148504688425,15.0,below,False,False,0.0,,False,0.0,0,0,1,2,5
upside_execution,Market starts below a higher limit and rallies into execution.,14.751063916134179,0.75,15.0,12.445363428966498,2.5546365710335017,15.0,below,False,False,0.0,,False,0.0,0,0,1,2,6
upside_execution,Market starts below a higher limit and rallies into execution.,15.267351153198874,0.75,15.0,12.274658299719384,2.725341700280616,15.0,above,True,False,15.0,,False,0.0,0,0,1,2,7
upside_execution,Market starts below a higher limit and rallies into execution.,15.801708443560834,0.75,15.0,8.22163314218206,6.7783668578179395,15.0,above,True,False,15.0,,False,0.0,0,0,1,2,8
upside_execution,Market starts below a higher limit and rallies into execution.,16.354768239085463,0.75,15.0,5.430189444288153,9.569810555711847,15.0,above,True,False,15.0,,False,0.0,0,0,1,2,9
upside_execution,Market starts below a higher limit and rallies into execution.,16.927185127453452,0.75,15.0,3.534816383307192,11.465183616692808,15.0,above,True,False,15.0,,False,0.0,0,0,1,2,10
upside_execution,Market starts below a higher limit and rallies into execution.,17.51963660691432,0.75,15.0,2.2666948242872653,12.733305175712735,15.0,above,True,False,15.0,,False,0.0,0,0,1,2,11
upside_execution,Market starts below a higher limit and rallies into execution.,18.13282388815632,0.75,15.0,1.4310841229641842,13.568915877035815,15.0,above,True,False,15.0,,False,0.0,0,0,1,2,12
upside_execution,Market starts below a higher limit and rallies into execution.,18.76747272424179,0.75,15.0,0.8890921953152173,14.110907804684782,15.0,above,True,False,15.0,,False,0.0,0,0,1,2,13
upside_execution,Market starts below a higher limit and rallies into execution.,19.424334269590254,0.75,15.0,0.5432419375535461,14.456758062446454,15.0,above,True,False,15.0,,False,0.0,0,0,1,2,14
upside_execution,Market starts below a higher limit and rallies into execution.,20.104185969025913,0.75,15.0,0.32625066707688244,14.673749332923117,15.0,above,True,False,15.0,,False,0.0,0,0,1,2,15
upside_execution,Market starts below a higher limit and rallies into execution.,20.80783247794182,0.75,15.0,0.19246823394205945,14.80753176605794,15.0,above,True,False,15.0,,False,0.0,0,0,1,2,16
upside_execution,Market starts below a higher limit and rallies into execution.,21.53610661466978,0.75,15.0,0.11146665847827827,14.888533341521722,15.0,above,True,False,15.0,,False,0.0,0,0,1,2,17
upside_execution,Market starts below a higher limit and rallies into execution.,22.28987034618322,0.75,15.0,0.06333275934305618,14.936667240656943,15.0,above,True,False,15.0,,False,0.0,0,0,1,2,18
upside_execution,Market starts below a higher limit and rallies into execution.,23.070015808299633,0.75,15.0,0.03527920242421354,14.964720797575787,15.0,above,True,False,15.0,,False,0.0,0,0,1,2,19
upside_execution,Market starts below a higher limit and rallies into execution.,23.87746636159012,0.75,15.0,0.019253747341735558,14.980746252658264,15.0,above,True,False,15.0,,False,0.0,0,0,1,2,20
upside_execution,Market starts below a higher limit and rallies into execution.,24.71317768424577,0.75,15.0,0.010287424396378954,14.98971257560362,15.0,above,True,False,15.0,,False,0.0,0,0,1,2,21
upside_execution,Market starts below a higher limit and rallies into execution.,25.578138903194372,0.75,15.0,0.005377380193478349,14.994622619806522,15.0,above,True,False,15.0,,False,0.0,0,0,1,2,22
upside_execution,Market starts below a higher limit and rallies into execution.,26.473373764806173,0.75,15.0,0.0027477301105189025,14.997252269889481,15.0,above,True,False,15.0,,False,0.0,0,0,1,2,23
upside_execution,Market starts below a higher limit and rallies into execution.,27.399941846574386,0.75,15.0,0.0013714232855897256,14.99862857671441,15.0,above,True,False,15.0,,False,0.0,0,0,1,2,24
redemption_before_execution,A holder reunites both token halves and redeems collateral before the limit is crossed.,12.0,0.75,10.0,0.0,10.0,10.0,above,False,False,0.0,,False,0.0,0,0,1,0,0
redemption_before_execution,A holder reunites both token halves and redeems collateral before the limit is crossed.,11.94,0.75,10.0,2.3340036390115144,7.5659963609884855,9.9,above,False,False,0.0,,False,0.0,0,0,1,2,1
redemption_before_execution,A holder reunites both token halves and redeems collateral before the limit is crossed.,11.8803,0.75,10.0,2.440883570941409,7.459116429058591,9.9,above,False,False,0.0,,False,0.0,0,0,1,2,2
redemption_before_execution,A holder reunites both token halves and redeems collateral before the limit is crossed.,11.8208985,0.75,10.0,2.552086393071656,7.347913606928344,9.9,above,False,False,0.0,,False,0.0,0,0,1,2,3
redemption_before_execution,A holder reunites both token halves and redeems collateral before the limit is crossed.,11.7617940075,0.75,10.0,2.667761116149273,7.232238883850727,9.9,above,False,False,0.0,,False,0.0,0,0,1,2,4
redemption_before_execution,A holder reunites both token halves and redeems collateral before the limit is crossed.,11.7029850374625,0.75,10.0,2.78806084039674,7.11193915960326,9.9,above,False,False,0.0,,False,0.0,0,0,1,2,5
redemption_before_execution,A holder reunites both token halves and redeems collateral before the limit is crossed.,11.644470112275188,0.75,10.0,2.9131428302520823,6.986857169747918,9.9,above,False,False,0.0,,False,0.0,0,0,1,2,6
redemption_before_execution,A holder reunites both token halves and redeems collateral before the limit is crossed.,11.586247761713812,0.75,10.0,3.0431685892856404,6.85683141071436,9.9,above,False,False,0.0,,False,0.0,0,0,1,2,7
redemption_before_execution,A holder reunites both token halves and redeems collateral before the limit is crossed.,11.528316522905243,0.75,10.0,3.1783039352553155,6.721696064744685,9.9,above,False,False,0.0,,True,9.9,0,0,1,2,8
redemption_before_execution,A holder reunites both token halves and redeems collateral before the limit is crossed.,11.470674940290717,0.75,10.0,3.3187190752612867,6.581280924738714,9.9,above,False,False,0.0,,True,9.9,0,0,1,2,9
redemption_before_execution,A holder reunites both token halves and redeems collateral before the limit is crossed.,11.413321565589264,0.75,10.0,3.464588680960315,6.4354113190396856,9.9,above,False,False,0.0,,True,9.9,0,0,1,2,10
redemption_before_execution,A holder reunites both token halves and redeems collateral before the limit is crossed.,11.356254957761317,0.75,10.0,3.6160919637989632,6.283908036201037,9.9,above,False,False,0.0,,True,9.9,0,0,1,2,11
redemption_before_execution,A holder reunites both token halves and redeems collateral before the limit is crossed.,11.299473682972511,0.75,10.0,3.773412750224247,6.126587249775753,9.9,above,False,False,0.0,,True,9.9,0,0,1,2,12
redemption_before_execution,A holder reunites both token halves and redeems collateral before the limit is crossed.,11.242976314557648,0.75,10.0,3.9367395568295303,5.96326044317047,9.9,above,False,False,0.0,,True,9.9,0,0,1,2,13
redemption_before_execution,A holder reunites both token halves and redeems collateral before the limit is crossed.,11.18676143298486,0.75,10.0,4.106265665392593,5.793734334607407,9.9,above,False,False,0.0,,True,9.9,0,0,1,2,14
redemption_before_execution,A holder reunites both token halves and redeems collateral before the limit is crossed.,11.130827625819935,0.75,10.0,4.282189197762262,5.617810802237738,9.9,above,False,False,0.0,,True,9.9,0,0,1,2,15
redemption_before_execution,A holder reunites both token halves and redeems collateral before the limit is crossed.,11.075173487690835,0.75,10.0,4.4647131905491495,5.435286809450851,9.9,above,False,False,0.0,,True,9.9,0,0,1,2,16
oracle_failure,The market crosses the limit but execution fails because the price oracle is unavailable.,9.5,0.75,10.0,0.0,10.0,10.0,above,False,False,0.0,,False,0.0,0,0,1,0,0
oracle_failure,The market crosses the limit but execution fails because the price oracle is unavailable.,9.5,0.75,10.0,6.872892787909723,3.1271072120902774,10.0,below,False,True,0.0,oracle_unavailable,False,0.0,0,0,1,2,1
dex_liquidity_shortfall,"Execution is triggered, but available DEX liquidity is below the embedded collateral size.",9.5,0.75,10.0,0.0,10.0,10.0,above,False,False,0.0,,False,0.0,0,0,1,0,0
dex_liquidity_shortfall,"Execution is triggered, but available DEX liquidity is below the embedded collateral size.",9.5,0.75,10.0,6.872892787909723,3.1271072120902774,10.0,below,False,True,0.0,insufficient_dex_liquidity,False,0.0,0,0,1,2,1
fees_and_slippage,Execution succeeds after reward fees and swap slippage reduce realized value.,9.5,0.75,10.0,0.0,10.0,10.0,above,False,False,0.0,,False,0.0,0,0,1,0,0
fees_and_slippage,Execution succeeds after reward fees and swap slippage reduce realized value.,9.5,0.75,10.0,6.872892787909723,2.927107212090278,9.8,below,True,False,9.603,,False,0.0,0,0,1,2,1
